函数,运行时间
ipToFile,1.1212356090545654
getIPool,0.0010085105895996094
getCleanProxies,81.96405243873596
get_jobObjectList,4.3485493659973145
pack_tag,44.401251554489136
save_to_csv,0.0010869503021240234
,
ipToFile,1.1962952613830566
getIPool,0.0011301040649414062
getCleanProxies,67.99963045120239
get_jobObjectList,2.835200071334839
pack_tag,35.842782497406006
save_to_csv,0.0008361339569091797
,
ipToFile,1.1515331268310547
getIPool,0.0011467933654785156
getCleanProxies,60.12737679481506
get_jobObjectList,1.7409496307373047
pack_tag,42.01258945465088
save_to_csv,0.0009424686431884766
,
